S.NO,ENGLISH WORD,FRENCH WORD,Frequency_of_replaced,Time_taken_for_process,Memory_taken_for_process
1,abide,respecter,45,0.03059220314025879,5.4618
2,about,sur,414,0.029262304306030273,5.484074
3,above,au dessus,147,0.030327796936035156,5.467844
4,abroad,à l'étranger,64,0.025632619857788086,5.463267
5,absence,absence,55,0.020000696182250977,5.46278
6,abuse,abuser de,76,0.03132963180541992,5.46425
7,according,selon,55,0.026378154754638672,5.462992
8,account,Compte,57,0.030138254165649414,5.462951
9,accuse,accuser,53,0.029966115951538086,5.462886
10,acquainted,connaissance,43,0.02632308006286621,5.462502
11,action,action,234,0.021893978118896484,5.474535
12,advantage,avantage,88,0.027065515518188477,5.46562
13,advice,Conseil,43,0.025724411010742188,5.462457
14,affairs,affaires,68,0.024427413940429688,5.464241
15,affection,affection,118,0.021494388580322266,5.467807
16,affections,affections,40,0.020477294921875,5.462652
17,afraid,peur,41,0.021304607391357422,5.462533
18,after,après,543,0.023187637329101562,5.493471
19,afterwards,ensuite,38,0.01697516441345215,0.003893
20,again,encore,1364,0.03043055534362793,5.546361
21,alive,vivant,93,0.0345454216003418,5.46718
22,almost,presque,161,0.033095598220825195,5.471711
23,alone,seul,237,0.03370308876037598,5.475928
24,along,le long de,112,0.03256082534790039,5.46885
25,already,déjà,148,0.02941584587097168,5.470984
26,although,bien que,79,0.020926713943481445,5.466936
27,always,toujours,63,0.028353452682495117,5.46555
28,ambition,ambition,49,0.020073652267456055,5.464736
29,ancient,ancien,82,0.03189444541931152,5.466788
30,angel,ange,209,0.03212547302246094,5.474151
31,anger,colère,355,0.032053232192993164,5.483606
32,another,un autre,454,0.03816032409667969,5.49146
33,answer,répondre,480,0.03402853012084961,5.493315
34,anything,n'importe quoi,105,0.027727127075195312,5.470612
35,apparel,vêtements,48,0.024021625518798828,5.466962
36,appear,apparaître,231,0.028472185134887695,5.479806
37,appears,apparaît,50,0.017401933670043945,0.00448
38,approach,approche,103,0.018687009811401367,5.471438
39,argument,argument,78,0.021174907684326172,5.469885
40,ariel,Ariel,17,0.02123713493347168,5.465754
41,armour,armure,57,0.02043747901916504,5.4683
42,aside,de côté,468,0.036046504974365234,5.49486
43,asleep,endormi,60,0.026685714721679688,5.469573
44,assure,assurer,71,0.033257484436035156,5.470281
45,athens,Athènes,71,0.028828859329223633,5.470288
46,attend,assister,376,0.03143048286437988,5.490559
47,attended,assisté,46,0.017202377319335938,0.004703
48,authority,autorité,55,0.026022911071777344,5.470289
49,avoid,éviter,52,0.027142047882080078,5.469827
50,awake,éveillé,87,0.030350446701049805,5.472171
51,awhile,quelque temps,102,0.033794403076171875,5.473934
52,banish,bannir,205,0.016855239868164062,5.480455
53,barren,Dénudé,43,0.01671886444091797,5.470209
54,bassianus,bassianus,21,0.012245416641235352,5.468961
55,bastard,Connard,105,0.01508331298828125,5.474333
56,battle,bataille,146,0.022378206253051758,5.47695
57,beard,barbe,124,0.01611781120300293,5.475407
58,bearing,palier,76,0.02534031867980957,5.472653
59,bears,ours,110,0.02904820442199707,5.493401
60,beast,la bête,130,0.030477285385131836,5.476013
61,beaten,battu,50,0.023554563522338867,5.471006
62,beauty,beauté,233,0.015847444534301758,5.482567
63,because,car,187,0.026145219802856445,5.479069
64,become,devenir,210,0.028948307037353516,5.48066
65,bedford,Bedford,11,0.014061927795410156,5.467999
66,before,avant,840,0.02796316146850586,5.519878
67,beggar,mendiant,125,0.024645090103149414,5.474579
68,begin,commencer,188,0.027451038360595703,5.479015
69,behalf,nom,46,0.018963098526000977,5.470144
70,behind,derrière,120,0.02654552459716797,5.475158
71,behold,voir,199,0.026439189910888672,5.479785
72,being,étant,664,0.01695990562438965,5.508703
73,believe,croyez,253,0.024505138397216797,5.483812
74,belike,être comme,42,0.025671958923339844,5.469713
75,below,au dessous de,54,0.02075982093811035,5.470814
76,benefit,avantage,47,0.020046710968017578,5.470611
77,besides,outre,109,0.022414684295654297,5.474441
78,betray,trahir,68,0.01682877540588379,5.471612
79,better,mieux,612,0.024091005325317383,5.505376
80,between,entre,241,0.023014068603515625,5.481675
81,beyond,au-delà,60,0.02525472640991211,5.470098
82,birth,naissance,101,0.02106952667236328,5.472903
83,bishop,évêque,59,0.014533519744873047,5.470447
84,bitter,amer,96,0.02202153205871582,5.472602
85,black,noir,195,0.01932549476623535,5.478328
86,blame,faire des reproches,94,0.03005671501159668,5.473486
87,bless,bénir,277,0.017226696014404297,5.48492
88,blessing,bénédiction,67,0.012767791748046875,0.005676
89,blest,heureux,84,0.029552698135375977,5.473818
90,blind,aveugle,105,0.025356292724609375,5.474458
91,blood,du sang,947,0.021665096282958984,5.528988
92,blows,coups,73,0.01626276969909668,5.474352
93,blunt,cru,73,0.02707982063293457,5.474246
94,blush,rougir,89,0.024103641510009766,5.475319
95,bodies,corps,44,0.020398855209350586,5.472522
96,bones,des os,76,0.022428274154663086,5.474585
97,borne,supporté,96,0.02914595603942871,5.476129
98,bottom,bas,53,0.018022775650024414,5.47335
99,bought,acheté,51,0.015613794326782227,5.473208
100,bound,lié,229,0.02414393424987793,5.483806
101,bounty,prime,42,0.021646499633789062,5.472149
102,brain,cerveau,154,0.025629520416259766,5.479278
103,brains,cerveaux,49,0.014179229736328125,0.00431
104,brave,courageux,223,0.02895975112915039,5.484712
105,breast,Sein,117,0.027037858963012695,5.47788
106,breath,souffle,360,0.029726028442382812,5.493525
107,breed,race,110,0.02068948745727539,5.47845
108,brief,bref,114,0.02494645118713379,5.47764
109,bright,brillant,82,0.02750372886657715,5.475951
110,bring,apporter,526,0.022835969924926758,5.505054
111,broke,cassé,238,0.018817901611328125,5.487286
112,brook,ruisseau,93,0.017926931381225586,5.478383
113,brother,frère,728,0.02803516387939453,5.518443
114,brought,apporté,196,0.017171144485473633,5.483851
115,brows,sourcils,49,0.01885056495666504,5.47433
116,burden,fardeau,62,0.026370525360107422,5.475333
117,buried,enterré,59,0.023700475692749023,5.475115
118,burning,brûlant,52,0.013590574264526367,5.474815
119,business,Entreprise,236,0.02301764488220215,5.487548
120,cannot,ne peux pas,762,0.02835988998413086,5.524102
121,capitol,Capitole,43,0.018672704696655273,5.478508
122,captain,capitaine,160,0.02425980567932129,5.48642
123,cardinal,cardinal,103,0.016579627990722656,5.482932
124,cares,se soucie,36,0.023160219192504883,5.478442
125,carry,porter,113,0.02059030532836914,5.483321
126,castle,Château,116,0.03100419044494629,5.483812
127,catch,capture,93,0.02653336524963379,5.483631
128,cause,cause,549,0.019600868225097656,5.511007
129,cease,cesser,68,0.02937912940979004,5.480925
130,certain,certain,236,0.020061731338500977,5.491887
131,chain,chaîne,81,0.02382040023803711,5.481804
132,chair,chaise,46,0.020290136337280273,5.479592
133,challenge,défi,57,0.027643203735351562,5.480389
134,chamber,chambre,167,0.017669200897216797,5.487257
135,chance,chance,202,0.019632339477539062,5.489238
136,change,changement,246,0.030413389205932617,5.493278
137,charge,charge,270,0.020068883895874023,5.494534
138,charity,charité,55,0.016743898391723633,5.481077
139,chaste,chaste,46,0.021534442901611328,5.480398
140,cheek,joue,152,0.016573429107666016,5.486875
141,cheer,acclamation,131,0.026422739028930664,5.486285
142,chide,gronder,59,0.03072047233581543,5.481875
143,chief,chef,159,0.02419137954711914,5.487932
144,child,enfant,379,0.0230405330657959,5.502183
145,choice,choix,72,0.023141860961914062,5.482542
146,church,église,100,0.014872074127197266,5.484098
147,cinna,cinna,19,0.015056133270263672,5.479255
148,citizen,citoyenne,80,0.02346062660217285,5.483215
149,civil,civil,68,0.013987302780151367,5.483557
150,claim,prétendre,186,0.018636465072631836,5.490865
151,clarence,clarté,98,0.021129369735717773,5.484974
152,claud,claud,259,0.01438450813293457,5.494579
153,claudio,Claudio,132,0.015413761138916016,5.487083
154,clear,clair,86,0.01942276954650879,5.483821
155,clifford,Clifford,65,0.015457868576049805,5.483933
156,close,proche,168,0.03392386436462402,5.489193
157,cloten,cailloter,21,0.01885199546813965,5.48006
158,clothes,vêtements,41,0.02301812171936035,5.481484
159,clouds,des nuages,59,0.022982358932495117,5.482764
160,clown,pitre,61,0.016697168350219727,5.482852
161,college,Université,6,0.019535064697265625,5.479474
162,colour,Couleur,168,0.022876977920532227,5.489897
163,comes,vient,701,0.018738508224487305,5.522742
164,comfort,confort,254,0.01661372184753418,5.495746
165,coming,venir,172,0.023058652877807617,5.490009
166,cominius,cominius,19,0.014844417572021484,5.482594
167,command,commander,291,0.023705244064331055,5.4983
168,commanded,commandé,40,0.013708353042602539,0.003306
169,commend,saluer,155,0.02475881576538086,5.489553
170,commercial,commercial,0,0.013710260391235352,0.000675
171,commission,commission,52,0.013191461563110352,5.483128
172,commit,commettre,86,0.0252225399017334,5.485156
173,common,commun,238,0.015512466430664062,5.494804
174,companion,un compagnon,55,0.021306753158569336,5.48528
175,company,entreprise,215,0.022335529327392578,5.494501
176,complete,Achevée,24,0.02716803550720215,5.482174
177,complexion,complexion,47,0.01493978500366211,5.483877
178,condition,état,88,0.022319555282592773,5.486007
179,conduct,conduite,53,0.02578115463256836,5.483618
180,confess,avouer,185,0.025295495986938477,5.491841
181,conscience,conscience,127,0.016590356826782227,5.488601
182,consent,consentement,112,0.029906511306762695,5.487841
183,consider,considérer,89,0.030119657516479492,5.486773
184,constable,gendarme,44,0.028413057327270508,5.483953
185,constant,constant,72,0.017566680908203125,5.486016
186,contempt,mépris,55,0.026704072952270508,5.484857
187,content,contenu,270,0.017672061920166016,5.503265
188,contrary,contraire,47,0.019229650497436523,5.484384
189,copies,copies,4,0.01669931411743164,5.481427
190,copyright,droits d'auteur,7,0.015496492385864258,5.481786
191,could,pourrait,654,0.02521967887878418,5.523822
192,council,conseil,58,0.018737077713012695,5.48702
193,counsel,Conseil,176,0.018157958984375,5.494484
194,count,compter,758,0.030120372772216797,5.53192
195,counterfeit,contrefaire,69,0.014789342880249023,0.006064
196,countess,comtesse,11,0.015110492706298828,0.002004
197,country,pays,243,0.013825654983520508,0.016976
198,courage,courage,87,0.019466638565063477,5.490318
199,course,cours,253,0.029860258102416992,5.500427
200,court,tribunal,451,0.029381275177001953,5.513826
201,courtesy,courtoisie,66,0.014724969863891602,0.005587
202,cousin,cousin,287,0.01848888397216797,5.50585
203,coward,lâche,150,0.024559497833251953,5.495029
204,crave,demander,73,0.0289003849029541,5.490267
205,creature,créature,110,0.017572402954101562,5.493126
206,credit,crédit,73,0.019025564193725586,5.490373
207,cromwell,Cromwell,18,0.014954090118408203,5.487042
208,cross,traverser,126,0.02471613883972168,5.494065
209,crown,couronne,395,0.026615381240844727,5.512104
210,cruel,cruel,100,0.017159700393676758,5.493686
211,cunning,ruse,81,0.018594980239868164,5.492501
212,cupid,Cupidon,54,0.015689849853515625,5.490651
213,curse,malédiction,182,0.029823780059814453,5.499863
214,custom,Douane,72,0.015605688095092773,5.492964
215,dagger,dague,57,0.021309852600097656,5.491938
216,damned,damné,45,0.026282787322998047,5.491169
217,dance,Danse,113,0.021109342575073242,5.495403
218,danger,danger,224,0.017225980758666992,0.015399
219,darkness,obscurité,39,0.025740385055541992,5.491022
220,daughter,fille,489,0.029874086380004883,5.519077
221,deadly,mortel,51,0.017531394958496094,5.490167
222,dearest,très cher,56,0.023930072784423828,5.490611
223,dearly,chèrement,42,0.028195858001708984,5.489814
224,death,décès,931,0.022002696990966797,5.545729
225,deeds,actes,119,0.016699790954589844,5.494505
226,defend,défendre,85,0.023910045623779297,5.492685
227,degree,diplôme,65,0.02655959129333496,5.491522
228,delight,délice,86,0.029593229293823242,5.492838
229,deliver,livrer,200,0.02968907356262207,5.500094
230,demand,demande,89,0.030824661254882812,5.502126
231,denied,refusé,55,0.01883101463317871,5.490736
232,depart,partir,98,0.02127981185913086,5.493485
233,desert,désert,65,0.018440961837768555,5.491366
234,deserve,mériter,135,0.018359899520874023,5.498096
235,desire,le désir,310,0.031524658203125,5.507557
236,despair,désespoir,62,0.028760910034179688,5.492056
237,desperate,désespéré,54,0.018605947494506836,5.491654
238,despite,malgré,59,0.029097318649291992,5.491829
239,device,dispositif,49,0.021219253540039062,5.491255
240,devil,diable,293,0.0263671875,5.506714
241,devise,concevoir,57,0.026762723922729492,5.492191
242,didst,didst,183,0.019582033157348633,5.499961
243,dinner,dîner,98,0.028941631317138672,5.494732
244,discourse,discours,67,0.016414165496826172,0.005744
245,discover,découvrir,78,0.028247356414794922,5.493692
246,disgrace,disgrâce,58,0.020276784896850586,5.492408
247,dishonour,déshonorer,70,0.02911376953125,5.493377
248,dispatch,envoi,92,0.026984691619873047,5.494476
249,displeasure,mécontentement,43,0.022236347198486328,5.491576
250,disposition,disposition,51,0.014827728271484375,5.492152
251,distributed,distribué,2,0.015588760375976562,5.488776
252,divine,Divin,59,0.027930736541748047,5.492141
253,doctor,docteur,92,0.023810863494873047,5.494384
254,doing,Faire,86,0.017638683319091797,5.493871
255,dolabella,Dolabella,8,0.015092134475708008,5.489119
256,doors,des portes,62,0.025375843048095703,5.492725
257,double,double,130,0.019924163818359375,5.497088
258,doubt,doute,255,0.018636465072631836,5.504819
259,download,Télécharger,0,0.013990163803100586,0.001217
260,dramatis,dramatis,20,0.016149520874023438,5.490208
261,drawn,tiré,92,0.026806116104125977,5.494413
262,dread,crainte,121,0.02571415901184082,5.496493
263,dreadful,horrible,61,0.014468908309936523,0.00527
264,dream,rêver,210,0.018564462661743164,5.501995
265,dreams,rêves,46,0.016782283782958984,0.004081
266,drink,boisson,218,0.022989511489868164,5.502935
267,drops,gouttes,58,0.024743080139160156,5.493099
268,drown,noyer,110,0.01878070831298828,5.496323
269,drums,tambours,42,0.024424314498901367,5.492297
270,drunk,ivre,114,0.021544218063354492,5.499151
271,duncan,Duncan,21,0.01529240608215332,5.490871
272,durst,durst,51,0.01897883415222168,5.492669
273,dwell,habiter,73,0.023810863494873047,5.494179
274,dying,en train de mourir,54,0.0221102237701416,5.493743
275,early,de bonne heure,109,0.032752275466918945,5.497646
276,earth,Terre,380,0.026842117309570312,5.514704
277,edmund,Edmund,74,0.020850419998168945,5.495687
278,effect,effet,116,0.030830860137939453,5.498217
279,egypt,Egypte,63,0.02514934539794922,5.494805
280,either,Soit,356,0.03738999366760254,5.512664
281,elbow,coude,29,0.022739410400390625,5.491945
282,elder,aîné,50,0.028456449508666992,5.493229
283,embrace,embrasse,84,0.03325366973876953,5.495687
284,emilia,Émilie,42,0.023351669311523438,5.492892
285,emperor,empereur,107,0.031208276748657227,5.497362
286,empty,vide,54,0.027639389038085938,5.493614
287,encounter,rencontre,61,0.02194952964782715,0.005396
288,endure,supporter,81,0.035089969635009766,5.495669
289,enemies,ennemis,111,0.022845983505249023,5.497735
290,enemy,ennemi,167,0.02766585350036621,5.501014
291,enjoy,prendre plaisir,71,0.03200697898864746,5.495796
292,enobarbus,énobarbus,14,0.022769451141357422,5.492394
293,enough,assez,313,0.03432798385620117,5.510929
294,enter,entrer,2519,0.03927326202392578,5.650893
295,entertain,divertir,98,0.021998167037963867,0.007782
296,entertainment,divertissement,38,0.0201873779296875,0.004106
297,entreat,supplier,159,0.03695869445800781,5.504164
298,equal,égal,69,0.03026723861694336,5.498011
299,estate,biens,58,0.02991485595703125,5.497306
300,eternal,éternel,40,0.025595903396606445,5.496325
301,every,chaque,558,0.029941797256469727,5.528885
302,everything,tout,42,0.02065277099609375,0.004161
303,excellent,excellent,125,0.022356271743774414,5.502607
304,except,sauf,60,0.030215978622436523,5.497958
305,excuse,excuse,86,0.023710250854492188,5.499588
306,execution,exécution,63,0.023701906204223633,5.498451
307,exeter,Exeter,26,0.021695375442504883,5.4958
308,exeunt,sortir,1035,0.024880170822143555,5.560039
309,express,Express,69,0.0225527286529541,5.498595
310,faces,visages,53,0.021129369735717773,5.500321
311,faint,perdre connaissance,76,0.02950739860534668,5.499971
312,fairy,Fée,47,0.021489858627319336,5.498103
313,faith,Foi,464,0.02886033058166504,5.523349
314,falls,des chutes,82,0.025005340576171875,5.499747
315,false,faux,355,0.03273653984069824,5.534918
316,familiar,familier,47,0.015660524368286133,5.497438
317,fancy,fantaisie,68,0.0214385986328125,5.498812
318,farewell,adieu,355,0.023311614990234375,5.516793
319,farther,plus loin,43,0.02568221092224121,5.496427
320,fashion,mode,125,0.026833772659301758,5.501284
321,fatal,fatal,45,0.01581549644470215,5.496008
322,father,père,1150,0.032518863677978516,5.563489
323,fault,faute,280,0.0180666446685791,5.508502
324,favour,favoriser,203,0.023849964141845703,5.504325
325,fearful,craintif,99,0.019533634185791016,5.498044
326,fears,peurs,77,0.01900792121887207,5.49648
327,feast,le banquet,132,0.03142118453979492,5.500622
328,feeble,faible,34,0.016028165817260742,5.494493
329,fellow,compagnon,444,0.022670507431030273,5.521927
330,fenton,Fenton,18,0.016767501831054688,5.494801
331,ferdinand,Ferdinand,8,0.018313884735107422,5.494238
332,fetch,chercher,129,0.028859853744506836,5.502139
333,field,champ,242,0.017345905303955078,5.509249
334,fiend,démon,81,0.017968416213989258,5.499075
335,fierce,féroce,44,0.018183469772338867,5.496818
336,fiery,ardent,49,0.022272586822509766,5.497156
337,fight,bats toi,322,0.02662062644958496,5.515328
338,figure,figure,66,0.018819332122802734,5.499251
339,finds,trouve,42,0.02626347541809082,5.49769
340,finger,doigt,114,0.025867223739624023,5.502251
341,first,première,558,0.028798341751098633,5.531626
342,flatter,flatter,137,0.017683982849121094,5.505568
343,flesh,la chair,142,0.027957439422607422,5.505892
344,flies,mouches,62,0.028352737426757812,5.501088
345,flight,vol,56,0.02399730682373047,5.500573
346,flood,inonder,59,0.017569303512573242,5.500844
347,flourish,fleurir,146,0.02588963508605957,5.506669
348,flower,fleur,103,0.027827978134155273,5.503411
349,flowers,fleurs,47,0.015059232711791992,0.00428
350,follow,suivre,560,0.013791322708129883,5.53245
351,folly,folie,80,0.014801979064941406,5.501889
352,foolish,insensé,103,0.016199827194213867,5.503547
353,fools,imbéciles,104,0.024386167526245117,5.503745
354,forbear,ancêtre,65,0.01734137535095215,5.501547
355,forbid,interdire,86,0.02310323715209961,5.506278
356,force,Obliger,275,0.03186297416687012,5.515443
357,forces,les forces,46,0.01564645767211914,0.004081
358,forest,forêt,92,0.03234744071960449,5.50389
359,forget,oublier,115,0.030655384063720703,5.505414
360,former,ancien,74,0.017519474029541016,5.502887
361,forsooth,en vérité,48,0.023980140686035156,5.501395
362,forth,en avant,441,0.028571367263793945,5.527089
363,fortune,fortune,485,0.021715641021728516,5.530765
364,forward,vers l'avant,103,0.02311253547668457,5.50668
365,fought,combattu,68,0.02880859375,5.504483
366,found,a trouvé,320,0.025594472885131836,5.520942
367,fourth,Quatrième,21,0.02399277687072754,5.502569
368,frame,Cadre,55,0.019800186157226562,5.504591
369,france,France,414,0.018532514572143555,5.527624
370,freely,librement,55,0.022434711456298828,5.504844
371,french,français,205,0.02024364471435547,5.514872
372,fresh,Frais,124,0.01865100860595703,5.509468
373,friend,ami,1017,0.027987241744995117,5.563857
374,frown,froncer les sourcils,88,0.026602506637573242,5.505457
375,fruit,fruit,70,0.017297983169555664,5.504325
376,further,plus loin,194,0.02841663360595703,5.512959
377,gallant,galant,72,0.022949695587158203,5.504991
378,garden,jardin,54,0.018589019775390625,5.503784
379,gates,portes,105,0.02284526824951172,5.506908
380,gaunt,décharné,44,0.027135848999023438,5.503306
381,general,général,232,0.01735663414001465,5.515724
382,gentle,doux,1003,0.03064870834350586,5.562482
383,ghost,fantôme,88,0.028322935104370117,5.504276
384,given,donné,205,0.017422199249267578,5.511434
385,giving,donnant,65,0.01869821548461914,5.503013
386,glass,verre,83,0.016229629516601562,5.503975
387,glorious,glorieux,43,0.014967203140258789,5.501675
388,glory,gloire,89,0.02175116539001465,5.504388
389,going,Aller,111,0.01569223403930664,5.505752
390,golden,d'or,92,0.029117345809936523,5.504523
391,goodness,la bonté,56,0.017019271850585938,5.502449
392,gower,gower,12,0.016646385192871094,5.499438
393,grace,la grâce,719,0.031038522720336914,5.545543
394,grant,subvention,152,0.029384613037109375,5.510925
395,grave,la tombe,239,0.03012704849243164,5.517244
396,great,génial,1147,0.03207969665527344,5.575015
397,green,vert,105,0.0265657901763916,5.50981
398,greet,saluer,93,0.027383089065551758,5.509159
399,grief,douleur,274,0.02351522445678711,5.520817
400,grieve,pleurer,71,0.025355100631713867,5.508422
401,gross,brut,96,0.024228572845458984,5.509476
402,ground,sol,182,0.02209782600402832,5.514309
403,grown,grandi,68,0.024991989135742188,5.50727
404,guard,garde,177,0.015478849411010742,5.513764
405,guess,devine,55,0.02253890037536621,5.506215
406,guilty,coupable,71,0.02178668975830078,5.511709
407,habit,habitude,86,0.029546737670898438,5.508716
408,hands,mains,342,0.02077007293701172,5.524668
409,hanging,pendaison,63,0.02515244483947754,5.507616
410,hangs,bloque,37,0.02981114387512207,5.505841
411,happiness,bonheur,59,0.028500080108642578,5.508575
412,happy,heureux,242,0.02379584312438965,5.519029
413,haste,hâte,219,0.03827333450317383,5.517496
414,hateful,odieux,39,0.024800539016723633,5.506257
415,having,ayant,158,0.02705526351928711,5.513492
416,hazard,danger,47,0.01826763153076172,5.506499
417,heads,têtes,130,0.022229909896850586,5.511685
418,health,santé,120,0.03581428527832031,5.51113
419,heard,entendu,364,0.032720327377319336,5.526705
420,heart,cœur,1350,0.04355645179748535,11.089388
421,heaven,paradis,853,0.032807350158691406,11.060574
422,heavy,lourd,169,0.023103713989257812,11.01936
423,hector,Hector,153,0.023011207580566406,11.016442
424,heels,talons,83,0.025783300399780273,11.011962
425,hence,Par conséquent,583,0.03486037254333496,11.053664
426,henceforth,désormais,41,0.01832747459411621,0.003502
427,hereafter,"ci-après, par la suite",49,0.01732802391052246,0.003884
428,herself,se,98,0.03052496910095215,11.022756
429,highness,altesse,189,0.03211355209350586,11.028424
430,holds,tient,93,0.02360844612121582,11.021766
431,hollow,creux,54,0.024890899658203125,11.019303
432,honest,honnête,406,0.037444353103637695,11.042347
433,horse,cheval,335,0.036740779876708984,11.03824
434,hostess,hôtesse,37,0.023472309112548828,11.019768
435,hours,heures,141,0.032861948013305664,11.026398
436,house,maison,662,0.036768436431884766,11.060272
437,hubert,Hubert,34,0.021031618118286133,11.021075
438,humble,humble,94,0.02062511444091797,11.025071
439,humour,humour,124,0.019440412521362305,11.026881
440,hundred,cent,120,0.029048442840576172,11.02627
441,husband,mari,373,0.028633594512939453,11.0408
442,ignorant,ignorant,48,0.02143692970275879,11.019841
443,image,image,74,0.025249481201171875,11.025906
444,includes,comprend,2,0.022003650665283203,11.016787
445,indeed,En effet,438,0.029564619064331055,11.046361
446,infinite,infini,43,0.02425098419189453,11.02104
447,innocent,innocent,56,0.024262189865112305,11.021909
448,instant,instant,85,0.024802684783935547,11.023684
449,intend,avoir l'intention,97,0.031249523162841797,11.026456
450,intent,intention,74,0.03150796890258789,11.026121
451,issue,problème,129,0.031584978103637695,11.030238
452,itself,lui-même,240,0.030096769332885742,11.038433
453,jealous,jaloux,96,0.0241241455078125,11.029146
454,jewel,bijou,89,0.01942300796508789,11.028366
455,judge,juge,119,0.025957822799682617,11.030084
456,judgment,jugement,117,0.018501758575439453,11.030394
457,julia,Julia,35,0.018353939056396484,11.024788
458,justice,Justice,192,0.020049333572387695,11.035068
459,keeps,garde,76,0.01862788200378418,11.02733
460,kindness,la gentillesse,79,0.025107622146606445,11.028872
461,kingdom,Royaume,127,0.017872333526611328,11.031752
462,kings,rois,149,0.0271148681640625,11.032598
463,knave,fripon,239,0.029800891876220703,11.043016
464,kneel,s'agenouiller,116,0.02558732032775879,11.03291
465,knees,les genoux,51,0.025704622268676758,11.029302
466,knife,couteau,56,0.02872776985168457,11.029796
467,knight,Chevalier,189,0.03500008583068848,11.039454
468,knock,frappe,143,0.027242183685302734,11.036666
469,knowing,connaissance,53,0.027831554412841797,11.031788
470,knowledge,connaissance,99,0.031919002532958984,11.035606
471,known,connu,233,0.02241802215576172,11.04333
472,knows,sait,213,0.0342555046081543,11.041856
473,labour,la main d'oeuvre,128,0.037180423736572266,11.039131
474,ladies,Dames,124,0.039886474609375,11.038799
475,ladyship,Madame,45,0.030984878540039062,11.033622
476,lands,terres,68,0.03600120544433594,11.034974
477,large,grand,104,0.03078174591064453,11.03719
478,laugh,rire,243,0.0350189208984375,11.045514
479,launce,lancer,36,0.027219533920288086,11.032589
480,lawful,légitime,77,0.03161478042602539,11.03552
481,learn,apprendre,225,0.04224395751953125,11.046434
482,learned,appris,56,0.020676851272583008,0.004816
483,least,moins,101,0.027370929718017578,11.038594
484,leave,laisser,748,0.04009103775024414,11.082308
485,leisure,loisir,68,0.03178286552429199,11.039598
486,leontes,leontes,11,0.025014877319335938,11.045206
487,letter,lettre,383,0.027092933654785156,11.05955
488,liberty,liberté,73,0.026554107666015625,11.03991
489,library,bibliothèque,10,0.0328974723815918,11.03597
490,liege,Liege,145,0.03534507751464844,11.044294
491,lieutenant,lieutenant,55,0.026479721069335938,11.039138
492,light,lumière,611,0.04001617431640625,11.075102
493,limbs,membres,49,0.027480363845825195,11.04043
494,little,peu,484,0.038854122161865234,11.065341
495,lives,vies,213,0.038480281829833984,11.0473
496,living,vivant,123,0.023228168487548828,11.041828
497,longer,plus long,112,0.04169058799743652,11.041767
498,looks,regards,216,0.03392791748046875,11.049182
499,loose,ample,60,0.025762557983398438,11.039342
500,lords,seigneurs,513,0.037856101989746094,11.071492
501,lordship,seigneurie,128,0.018892765045166016,0.009697
502,lorenzo,Lorenzo,24,0.02423691749572754,11.04124
503,lovely,charmant,53,0.025998353958129883,11.043254
504,lovers,les amoureux,61,0.03859281539916992,11.04449
505,loves,aime,225,0.03837752342224121,11.05417
506,loving,aimant,122,0.025839805603027344,11.047907
507,lucentio,Lucentio,41,0.025287866592407227,11.042928
508,machine,machine,3,0.024880647659301758,11.04039
509,madness,la démence,68,0.03309297561645508,11.045014
510,maiden,jeune fille,78,0.03761649131774902,11.046371
511,maids,servantes,48,0.03296852111816406,11.044688
512,maintain,maintenir,58,0.03174233436584473,11.045745
513,majesty,majesté,270,0.024320363998413086,11.059182
514,makes,fait du,360,0.03777289390563965,11.065892
515,making,fabrication,85,0.030971765518188477,11.049544
516,malice,malice,72,0.028584957122802734,11.048693
517,manner,manière,175,0.02925872802734375,11.055708
518,march,Mars,166,0.03410148620605469,11.054546
519,marcius,Marcius,83,0.021457910537719727,11.049528
520,marcus,Marcus,54,0.02161121368408203,11.047577
521,margaret,margaret,85,0.021391868591308594,11.049758
522,maria,maria,23,0.02187371253967285,11.045552
523,mariana,Mariana,8,0.020725488662719727,11.044688
524,marriage,mariage,122,0.036170005798339844,11.051959
525,marry,marier,377,0.029946327209472656,11.068194
526,master,Maître,977,0.02921128273010254,11.106652
527,match,rencontre,119,0.03530693054199219,11.057822
528,matter,matière,385,0.03568434715270996,11.070822
529,meaning,sens,64,0.032952308654785156,11.050248
530,means,veux dire,264,0.0391390323638916,11.06451
531,meant,signifiait,83,0.04278850555419922,11.054158
532,measure,mesure,108,0.03813314437866211,11.055774
533,meeting,réunion,56,0.02461552619934082,11.052382
534,membership,adhésion,0,0.016728878021240234,0.001283
535,memory,Mémoire,58,0.026189088821411133,11.052487
536,merchant,marchande,44,0.03949141502380371,11.051895
537,mercy,pitié,187,0.025133609771728516,11.060722
538,merit,mérite,79,0.03162026405334473,11.054016
539,merry,joyeux,169,0.032573699951171875,11.059926
540,messenger,Messager,110,0.031668901443481445,11.05666
541,midnight,minuit,43,0.03294706344604492,11.051942
542,might,pourrait,679,0.03731560707092285,11.095628
543,mighty,puissant,117,0.016499042510986328,0.008626
544,milan,Milan,40,0.023766040802001953,11.055594
545,minds,esprits,56,0.03716611862182617,11.05681
546,minister,ministre,62,0.02336597442626953,11.057499
547,miranda,Miranda,5,0.02159738540649414,11.0537
548,mirth,gaieté,53,0.03526425361633301,11.056754
549,mischief,sottises,50,0.016259193420410156,0.004563
550,misery,misère,39,0.026011228561401367,11.055974
551,mistake,erreur,53,0.03919863700866699,11.056852
552,mistress,maîtresse,416,0.03590106964111328,11.081589
553,modest,modeste,100,0.0387420654296875,11.060735
554,money,argent,193,0.03594017028808594,11.066802
555,monster,monstre,96,0.02788686752319336,11.061062
556,month,mois,97,0.029928922653198242,11.0606
557,morning,Matin,134,0.0357663631439209,11.062764
558,morrow,demain,353,0.0254366397857666,11.076258
559,mortal,mortel,147,0.02624988555908203,11.063312
560,mother,mère,476,0.0413818359375,11.082263
561,motion,mouvement,113,0.03180575370788574,11.06004
562,mouth,bouche,200,0.028531789779663086,11.06556
563,mowbray,mowbray,28,0.019858837127685547,11.055066
564,murder,meurtre,137,0.03484177589416504,11.062202
565,murther,aller plus loin,89,0.03482389450073242,11.060676
566,music,la musique,250,0.030488014221191406,11.072922
567,myself,moi même,567,0.032347917556762695,11.095508
568,naked,nu,56,0.036740779876708984,11.062802
569,names,des noms,50,0.03284764289855957,11.062746
570,native,originaire de,45,0.034281253814697266,11.063088
571,natural,Naturel,105,0.02721548080444336,11.085494
572,nature,la nature,412,0.046440839767456055,11.089711
573,needs,Besoins,147,0.03795337677001953,11.073088
574,neighbour,voisine,90,0.03893756866455078,11.069662
575,neither,ni,185,0.023851871490478516,0.013208
576,never,jamais,1023,0.04021286964416504,11.129758
577,niece,nièce,65,0.0296938419342041,11.069706
578,night,nuit,1214,0.04144644737243652,11.139444
579,noble,noble,746,0.03249502182006836,11.110356
580,noise,bruit,117,0.033231258392333984,11.070982
581,nothing,rien,639,0.038039445877075195,11.101272
582,nought,néant,58,0.03929758071899414,11.063393
583,number,nombre,102,0.028508663177490234,11.066197
584,nurse,infirmière,202,0.04530477523803711,11.074314
585,oaths,serments,87,0.037899017333984375,11.06765
586,obedience,obéissance,60,0.038094520568847656,11.066444
587,oberon,Oberon,8,0.031014204025268555,11.062873
588,object,objet,54,0.033791303634643555,11.065695
589,occasion,occasion,91,0.029689550399780273,11.068394
590,offence,infraction,121,0.03592491149902344,11.070836
591,offend,offenser,149,0.037424325942993164,11.073026
592,offer,offre,178,0.030766725540161133,11.074674
593,office,Bureau,282,0.030472993850708008,11.081613
594,often,souvent,140,0.04401278495788574,11.072886
595,oliver,oliver,9,0.02787947654724121,11.064766
596,opinion,opinion,97,0.027868032455444336,11.070488
597,order,ordre,144,0.03204703330993652,11.073102
598,orlando,orlando,26,0.02863001823425293,11.065912
599,other,autre,2598,0.035394906997680664,11.231098
600,others,autres,285,0.026955127716064453,0.019362
601,ourselves,nous-mêmes,188,0.04013776779174805,11.077194
602,outward,vers l'extérieur,57,0.03128409385681152,11.069234
603,oxford,Oxford,27,0.023706912994384766,11.06731
604,padua,Padoue,41,0.0221555233001709,11.068176
605,pains,des douleurs,92,0.027665138244628906,11.072698
606,painted,peint,53,0.035396575927734375,11.0702
607,painter,peintre,10,0.02361273765563965,11.067424
608,palace,palais,167,0.024729013442993164,11.0774
609,pandarus,Pandarus,17,0.019378662109375,11.067938
610,paper,papier,122,0.03268289566040039,11.074542
611,pardon,pardon,327,0.02562999725341797,11.08766
612,paris,Paris,131,0.025170564651489258,11.075116
613,parolles,parolles,12,0.02184295654296875,11.067825
614,parted,séparé,56,0.024837493896484375,11.070523
615,particular,particulier,71,0.029004335403442383,11.072018
616,partly,partiellement,35,0.031882524490356445,11.069816
617,parts,les pièces,112,0.03465986251831055,11.075754
618,party,fête,51,0.023874521255493164,11.071782
619,passage,passage,44,0.01981949806213379,11.071462
620,passion,la passion,147,0.03420710563659668,11.07896
621,patience,la patience,203,0.03677725791931152,11.084142
622,patient,patient,130,0.028127670288085938,11.079226
623,paulina,paulina,17,0.027633190155029297,11.071882
624,peace,paix,556,0.03651785850524902,11.104456
625,pedro,pedro,155,0.023144245147705078,11.079306
626,people,gens,230,0.034570932388305664,11.083243
627,perceive,apercevoir,103,0.029473304748535156,11.075894
628,percy,Percy,64,0.019268274307250977,11.073076
629,perfect,parfait,114,0.020061731338500977,11.076502
630,perhaps,peut-être,45,0.034769535064697266,11.072218
631,peril,péril,65,0.021831512451171875,11.07331
632,permission,autorisation,4,0.02524876594543457,11.069673
633,person,la personne,215,0.039415597915649414,11.085056
634,personal,personnel,16,0.018929481506347656,0.002257
635,phebe,phebe,19,0.020804405212402344,11.072616
636,philip,Philippe,38,0.0194399356842041,11.074033
637,picture,image,52,0.03327608108520508,11.074808
638,piece,pièce,143,0.024716615676879883,11.080272
639,pistol,pistolet,45,0.03453326225280762,11.074454
640,place,endroit,525,0.03884434700012207,11.1063
641,plague,peste,110,0.03652238845825195,11.080389
642,plain,plaine,241,0.03866314888000488,11.088882
643,plead,plaider,63,0.03951835632324219,11.078122
644,please,S'il vous plaît,449,0.043251991271972656,11.110754
645,pleasure,plaisir,258,0.03707242012023926,11.098769
646,pluck,cueillir,163,0.0258028507232666,11.093024
647,poins,poins,70,0.02238607406616211,11.087114
648,point,point,256,0.026525259017944336,11.098862
649,poison,poison,128,0.024301528930664062,11.090967
650,policy,politique,45,0.022296428680419922,11.085904
651,polixenes,polixènes,16,0.03443288803100586,11.084216
652,pompey,pompey,92,0.01854562759399414,11.088969
653,porter,porter,28,0.025975942611694336,11.084833
654,possible,possible,98,0.025078296661376953,11.089593
655,posthumus,posthume,32,0.019974708557128906,11.085232
656,pound,livre,112,0.020519495010375977,11.09002
657,power,Puissance,381,0.03707695007324219,11.109522
658,practice,entraine toi,56,0.033814191818237305,11.089607
659,praise,louange,239,0.04444766044616699,11.101732
660,prayers,prières,85,0.02176642417907715,11.09186
661,precious,précieux,79,0.0255129337310791,11.091668
662,prepare,préparer,82,0.033243656158447266,11.092504
663,presence,présence,107,0.02458667755126953,11.093572
664,present,présent,442,0.026567935943603516,11.115288
665,pretty,jolie,117,0.031096220016479492,11.0938
666,pride,fierté,112,0.04004073143005371,11.093604
667,priest,prêtre,85,0.0278017520904541,11.093072
668,prince,prince,834,0.02750372886657715,11.139643
669,prison,prison,260,0.026271820068359375,11.103001
670,private,privé,74,0.030277252197265625,11.091102
671,prize,prix,56,0.03808259963989258,11.089596
672,proceed,procéder,134,0.031170129776000977,11.095042
673,proclaim,proclamer,80,0.01688361167907715,0.005873
674,profit,profit,65,0.024820804595947266,11.09056
675,prohibited,interdit,0,0.017069578170776367,0.000675
676,project,projet,32,0.031014442443847656,11.088466
677,prologue,prologue,27,0.025221824645996094,11.088182
678,promise,promettre,160,0.03950667381286621,11.099602
679,proof,preuve,118,0.0273892879486084,11.094568
680,proper,correct,100,0.03410077095031738,11.099969
681,protector,protecteur,60,0.028920650482177734,11.091616
682,protest,manifestation,67,0.03496599197387695,11.092706
683,proud,fier,249,0.03232455253601074,11.103292
684,prove,prouver,371,0.04028010368347168,11.112332
685,provided,à condition de,37,0.03212881088256836,11.09223
686,public,Publique,70,0.024974584579467773,11.094481
687,purpose,objectif,260,0.034739017486572266,11.10732
688,purse,bourse,107,0.03765273094177246,11.097382
689,quality,qualité,58,0.01800060272216797,11.094502
690,quarrel,querelle,129,0.031331777572631836,11.099344
691,queen,reine,575,0.023153066635131836,11.12688
692,question,question,177,0.025250911712646484,11.102618
693,quick,rapide,243,0.023853063583374023,11.106734
694,quiet,silencieux,110,0.036936283111572266,11.099516
695,quite,assez,117,0.027771711349487305,11.09999
696,quoth,quoth,66,0.023882150650024414,11.097012
697,raise,élever,298,0.047025442123413086,11.111948
698,ransom,une rançon,66,0.0382997989654541,11.098119
699,rascal,coquin,90,0.02676558494567871,11.104199
700,rather,plutôt,323,0.0315556526184082,11.114398
701,readable,lisible,3,0.029549121856689453,11.094176
702,ready,prêt,294,0.03759145736694336,11.112098
703,realm,domaine,60,0.032277584075927734,11.097606
704,reason,raison,498,0.03360486030578613,11.125549
705,receive,recevoir,144,0.04384136199951172,11.103416
706,regard,qui concerne,62,0.038446903228759766,11.101453
707,reign,règne,293,0.033345699310302734,11.115896
708,reignier,règne,14,0.02103447914123535,0.002143
709,remain,rester,127,0.03223133087158203,11.105556
710,remedy,remède,59,0.02328801155090332,11.101256
711,remember,rappelles toi,200,0.03310990333557129,11.112653
712,render,rendre,57,0.029880523681640625,11.103066
713,repair,réparation,52,0.04116678237915039,11.103207
714,repent,se repentir,77,0.03957414627075195,11.10556
715,report,rapport,186,0.041686058044433594,11.112897
716,reputation,réputation,47,0.03135371208190918,11.1043
717,request,demande,85,0.0258941650390625,11.106492
718,respect,le respect,144,0.0466160774230957,11.111442
719,return,revenir,281,0.0794839859008789,11.120578
720,revenge,vengeance,189,0.03966951370239258,11.115728
721,reverence,révérence,44,0.02445220947265625,11.106466
722,revolt,révolte,64,0.04264545440673828,11.107703
723,right,droite,657,0.052819013595581055,11.145868
724,rivers,rivières,27,0.03833508491516113,11.10656
725,rogue,coquin,108,0.04477858543395996,11.111714
726,rotten,pourri,40,0.031151294708251953,11.107635
727,rough,rugueux,634,0.03879141807556152,11.146486
728,round,rond,282,0.03931283950805664,11.124286
729,royal,Royal,255,0.03912997245788574,11.122604
730,sacred,sacré,47,0.044995784759521484,11.109478
731,safety,sécurité,74,0.029783010482788086,11.111563
732,saint,Saint,146,0.03222155570983887,11.115856
733,salerio,salerio,5,0.02799248695373535,11.107166
734,satisfied,satisfait,54,0.02433943748474121,11.110484
735,saying,en disant,63,0.0357213020324707,11.11116
736,scarce,rare,90,0.041948795318603516,11.112525
737,scene,scène,152,0.031033039093017578,11.116358
738,scorn,mépris,146,0.040671348571777344,11.116198
739,search,chercher,61,0.0406339168548584,11.111226
740,season,saison,69,0.03174257278442383,11.111746
741,second,seconde,120,0.03928065299987793,11.115255
742,secret,secret,108,0.02955031394958496,11.123811
743,seeing,voyant,56,0.028059959411621094,11.111159
744,senate,sénat,42,0.034355878829956055,11.110177
745,senator,sénateur,44,0.0455327033996582,11.110492
746,sense,sens,187,0.0426332950592041,11.11895
747,sentence,phrase,45,0.029740095138549805,11.110032
748,servant,serviteur,256,0.04500293731689453,11.124946
749,serve,servir,463,0.039910316467285156,11.137634
750,service,un service,264,0.04408121109008789,11.12749
751,seven,Sept,93,0.04365348815917969,11.116124
752,several,nombreuses,106,0.03752923011779785,11.117788
753,shadow,ombre,111,0.033641815185546875,11.117734
754,shake,secouer,172,0.04490971565246582,11.122244
755,shall,doit,3702,0.03902077674865723,11.334756
756,shame,la honte,366,0.04581952095031738,11.128888
757,shape,forme,130,0.03254365921020508,11.1144
758,sharp,tranchant,90,0.03515887260437012,11.112512
759,shepherd,berger,86,0.03432583808898926,11.112309
760,shine,éclat,102,0.03403282165527344,11.112928
761,shore,rive,85,0.04800248146057129,11.111728
762,short,court,172,0.03194284439086914,11.117106
763,shortly,prochainement,46,0.02127981185913086,0.00416
764,should,devrait,1716,0.03832578659057617,11.218543
765,shows,montre,103,0.03756260871887207,11.116482
766,sickness,maladie,54,0.029639482498168945,11.113573
767,sight,vue,239,0.03174471855163574,11.124034
768,silence,silence,88,0.025222301483154297,11.114714
769,silver,argent,72,0.025431156158447266,11.113545
770,simple,Facile,90,0.025551795959472656,11.114695
771,since,depuis,462,0.03743314743041992,11.138672
772,single,Célibataire,64,0.036609649658203125,11.121661
773,sirrah,sirrah,148,0.022910356521606445,11.119961
774,sister,sœur,238,0.03419041633605957,11.123167
775,skill,compétence,62,0.024367094039916992,11.112628
776,slain,tué,127,0.0326533317565918,11.116062
777,slander,calomnie,92,0.034827232360839844,11.114334
778,slave,esclave,176,0.0356144905090332,11.120004
779,sleep,sommeil,438,0.02776479721069336,11.137824
780,slender,mince,43,0.03134584426879883,11.113274
781,small,petit,121,0.02484440803527832,11.118062
782,smell,odeur,69,0.02216315269470215,11.114726
783,smile,sourire,125,0.036794424057006836,11.118778
784,soldier,soldat,360,0.0347442626953125,11.133598
785,solemn,solennel,69,0.03458452224731445,11.114884
786,somerset,somerset,68,0.020908594131469727,11.114999
787,something,quelque chose,183,0.03360891342163086,11.124322
788,sometime,parfois,138,0.03350663185119629,11.120889
789,sooner,plus tôt,62,0.03424882888793945,11.115935
790,soothsayer,devin,9,0.0292508602142334,11.112586
791,sorrow,chagrin,244,0.025170326232910156,11.127951
792,sorry,Pardon,92,0.02644944190979004,11.11817
793,sought,recherché,40,0.03070068359375,11.115339
794,souls,âmes,114,0.03108835220336914,11.119674
795,sound,du son,333,0.030887126922607422,11.134062
796,sovereign,souverain,182,0.018159151077270508,0.013446
797,spare,de rechange,68,0.03716111183166504,11.118224
798,speak,parler,1412,0.02751469612121582,11.205032
799,speaks,parle,129,0.015886545181274414,0.009286
800,special,spécial,64,0.019829511642456055,11.12101
801,speech,discours,163,0.028384685516357422,11.12785
802,speed,la vitesse,162,0.02568960189819336,11.12922
803,spend,dépenser,80,0.027634382247924805,11.124592
804,spirit,esprit,396,0.022957324981689453,11.144717
805,spite,dépit,132,0.026059627532958984,11.12788
806,spoke,parlait,219,0.03269243240356445,11.13423
807,sport,sport,168,0.024396419525146484,11.1309
808,spring,printemps,90,0.028622150421142578,11.126703
809,staff,Personnel,155,0.02552032470703125,11.131874
810,stain,tache,116,0.02860569953918457,11.129528
811,stand,supporter,944,0.03421497344970703,11.188896
812,stars,étoiles,71,0.032793283462524414,11.13447
813,state,Etat,405,0.03520488739013672,11.154508
814,steal,voler,130,0.025130271911621094,11.13749
815,steel,acier,78,0.023604631423950195,11.134282
816,steward,intendant,40,0.0339813232421875,11.132128
817,still,encore,588,0.031642913818359375,11.167206
818,stomach,estomac,62,0.023630142211914062,11.134816
819,stone,calcul,150,0.03764677047729492,11.140318
820,stood,se tenait,107,0.028861522674560547,11.13858
821,store,boutique,72,0.030997276306152344,11.136722
822,storm,orage,81,0.023761510848999023,11.1374
823,story,récit,92,0.019936084747314453,11.138074
824,straight,tout droit,161,0.03258681297302246,11.143626
825,strange,étrange,355,0.027878761291503906,11.155808
826,street,rue,133,0.031676292419433594,11.140668
827,strength,force,143,0.033196210861206055,11.1592
828,strike,la grève,205,0.03717756271362305,11.145022
829,stroke,accident vasculaire cérébral,64,0.028964519500732422,11.139011
830,strong,fort,279,0.030007600784301758,11.15168
831,struck,frappé,84,0.02148747444152832,11.139155
832,study,étude,68,0.02167510986328125,11.138078
833,stuff,des trucs,70,0.025874853134155273,11.138714
834,subject,matière,172,0.022279024124145508,11.14544
835,substance,substance,43,0.021570920944213867,11.13732
836,success,Succès,88,0.026693344116210938,11.139912
837,sudden,soudain,129,0.029718399047851562,11.142576
838,suddenly,tout à coup,50,0.015176057815551758,0.004563
839,suffer,souffrir,162,0.029937744140625,11.145447
840,suffolk,suffolk,83,0.016521692276000977,11.140474
841,summer,été,99,0.024075746536254883,11.140788
842,supper,souper,64,0.0229034423828125,11.138623
843,surely,sûrement,42,0.0300443172454834,11.137397
844,surrey,Surrey,13,0.018167734146118164,11.135498
845,suspect,suspect,53,0.023271560668945312,11.138152
846,swear,jurer,356,0.02517867088317871,11.156958
847,sweat,transpiration,53,0.03160715103149414,11.138828
848,sweet,sucré,925,0.024048805236816406,11.193796
849,swift,rapide,100,0.030057191848754883,11.141982
850,sword,épée,427,0.02892446517944336,11.161634
851,swore,juré,60,0.03237605094909668,11.138544
852,sworn,juré,197,0.02911686897277832,11.14658
853,syracuse,Syracuse,9,0.020544767379760742,11.135042
854,table,table,246,0.02986621856689453,11.14977
855,tailor,tailleur,44,0.03589296340942383,11.137331
856,taken,pris,104,0.03467535972595215,11.140784
857,talbot,talbot,94,0.022057533264160156,11.140339
858,tarry,goudronneux,50,0.02835679054260254,11.138084
859,taste,goût,98,0.03817129135131836,11.140896
860,taught,enseigné,55,0.032605886459350586,11.138466
861,teach,enseigner,137,0.034819841384887695,11.144614
862,tears,larmes,291,0.03818941116333008,11.154976
863,tedious,fastidieux,51,0.03427886962890625,11.140314
864,teeth,les dents,56,0.032393455505371094,11.140872
865,tells,raconte,45,0.03631234169006348,11.140362
866,tempest,tempête,50,0.023871898651123047,11.140894
867,tender,soumissionner,176,0.0345308780670166,11.151349
868,terms,termes,75,0.03456902503967285,11.144932
869,thank,remercier,517,0.03224897384643555,11.176448
870,their,leur,2108,0.041332244873046875,11.271554
871,themselves,se,159,0.03013134002685547,11.14846
872,there,Là,3061,0.044098854064941406,11.312144
873,therefore,par conséquent,627,0.021111011505126953,0.043008
874,therein,la bride,56,0.02255105972290039,0.004912
875,these,celles-ci,1338,0.04002022743225098,11.22127
876,thief,voleur,68,0.027040719985961914,11.13437
877,thing,chose,1712,0.026630640029907227,11.237466
878,think,pense,1368,0.02654576301574707,11.216298
879,third,troisième,88,0.03278207778930664,11.13641
880,thomas,Thomas,54,0.023598909378051758,11.134293
881,those,ceux,547,0.04185175895690918,11.164182
882,though,bien que,1395,0.03239083290100098,11.224042
883,thought,pensée,682,0.019498348236083984,0.044936
884,thrive,prospérer,62,0.03594517707824707,11.139413
885,throat,gorge,78,0.029165267944335938,11.140233
886,throne,trône,75,0.03735661506652832,11.139918
887,through,par,284,0.01941657066345215,0.019608
888,throw,jeter,213,0.025522232055664062,11.148446
889,thrust,poussée,66,0.0350794792175293,11.139379
890,thunder,tonnerre,90,0.03733420372009277,11.141306
891,times,fois,302,0.028130292892456055,11.153666
892,title,Titre,121,0.028259992599487305,11.14246
893,together,ensemble,281,0.02644801139831543,11.153282
894,tongue,langue,503,0.02853226661682129,11.16692
895,tonight,ce soir,49,0.019697904586791992,0.004424
896,touch,toucher,230,0.03230166435241699,11.15037
897,toward,vers,177,0.032000064849853516,11.14645
898,tower,la tour,86,0.03599381446838379,11.140862
899,train,train,201,0.027088403701782227,11.147936
900,traitor,traitre,205,0.025368213653564453,11.14866
901,tread,bande de roulement,57,0.031656742095947266,11.140498
902,treason,trahison,116,0.02118968963623047,0.008752
903,treasure,Trésor,58,0.027030467987060547,11.140561
904,trial,procès,65,0.026879072189331055,11.140908
905,tribunes,tribunes,50,0.025980234146118164,11.140251
906,trick,tour,94,0.021548986434936523,11.142558
907,triumph,triomphe,79,0.02865910530090332,11.142018
908,trouble,difficulté,133,0.03721189498901367,11.14617
909,truly,vraiment,172,0.029422521591186523,11.149376
910,trumpet,trompette,211,0.032979726791381836,11.15323
911,trust,confiance,244,0.033705949783325195,11.156652
912,truth,vérité,349,0.030427932739257812,11.163852
913,turns,se tourne,73,0.03313612937927246,11.146764
914,twice,deux fois,72,0.03419947624206543,11.14711
915,tyrant,tyran,70,0.03322601318359375,11.147165
916,ulysses,Ulysse,20,0.01959705352783203,11.143724
917,uncle,oncle,256,0.023685932159423828,11.158514
918,under,sous,675,0.03287482261657715,11.183842
919,understand,comprendre,123,0.015004396438598633,0.008972
920,undertake,entreprendre,51,0.016150474548339844,0.004064
921,undone,défait,55,0.023105382919311523,11.144738
922,unhappy,malheureux,38,0.015174150466918945,0.003016
923,unknown,inconnue,44,0.012343645095825195,0.004552
924,unless,sauf si,155,0.03036355972290039,11.151476
925,until,jusqu'à,78,0.02976679801940918,11.146666
926,unworthy,indigne,36,0.026734113693237305,11.144229
927,utter,prononcer,121,0.02991342544555664,11.150276
928,valentine,Valentin,66,0.021351099014282227,11.147106
929,valiant,vaillant,162,0.028463363647460938,11.15348
930,valour,valeur,101,0.019431352615356445,11.149362
931,vantage,avantage,133,0.02202606201171875,11.151952
932,vengeance,vengeance,53,0.01842045783996582,11.146956
933,venice,venise,64,0.017147302627563477,11.147383
934,version,version,8,0.01884770393371582,11.14604
935,victory,la victoire,47,0.02401447296142578,11.146728
936,villain,scélérat,362,0.02557229995727539,11.167804
937,viola,alto,21,0.02921581268310547,11.145638
938,violent,violent,47,0.018590211868286133,11.147474
939,virtue,vertu,244,0.03271961212158203,11.159269
940,visit,visite,97,0.02714061737060547,11.150168
941,voice,voix,213,0.02978372573852539,11.15699
942,walls,des murs,85,0.02494955062866211,11.149428
943,warlike,guerrier,58,0.028927087783813477,11.148028
944,warrant,mandat,191,0.026891708374023438,11.156238
945,waste,déchets,75,0.03129267692565918,11.148922
946,watch,regarder,221,0.02679729461669922,11.159372
947,water,eau,198,0.03157210350036621,11.157002
948,wealth,richesse,113,0.023225784301757812,11.152378
949,weapons,armes,42,0.027368545532226562,11.147772
950,weary,se lasser,87,0.0256960391998291,11.151244
951,weeds,mauvaises herbes,44,0.02554774284362793,11.149522
952,weeping,larmes,62,0.02401256561279297,11.1508
953,weight,poids,63,0.022254228591918945,11.15105
954,welcome,Bienvenue,380,0.02930760383605957,11.17313
955,wench,jeune fille,85,0.028838396072387695,11.159442
956,whence,d'où,76,0.014957189559936523,0.006107
957,where,où,1873,0.031893014907836914,11.25534
958,wherein,où,133,0.015003204345703125,0.009784
959,whether,qu'il s'agisse,97,0.02747368812561035,11.145934
960,which,lequel,2322,0.024556875228881836,11.289012
961,while,tandis que,437,0.0341801643371582,11.175036
962,whither,où,89,0.032326459884643555,11.15259
963,whole,entier,161,0.03207802772521973,11.15714
964,whore,putain,104,0.03402853012084961,11.153734
965,whose,dont,618,0.0337071418762207,11.184766
966,widow,veuve,98,0.018481969833374023,11.15227
967,willing,prêt,94,0.022510528564453125,11.15168
968,window,la fenêtre,69,0.025609970092773438,11.150426
969,wings,ailes,57,0.02108454704284668,11.149564
970,winter,hiver,82,0.03278088569641113,11.151105
971,wisdom,sagesse,105,0.025203227996826172,11.152756
972,witch,sorcière,89,0.026761770248413086,11.152208
973,withal,avec,153,0.028804302215576172,11.155654
974,within,dans,494,0.0287320613861084,11.175401
975,without,sans pour autant,368,0.02783966064453125,11.174456
976,witness,témoin,142,0.030461549758911133,11.159548
977,wives,épouses,64,0.028596878051757812,11.154642
978,wolsey,Wolsey,8,0.016403675079345703,11.151115
979,woman,femme,496,0.021251916885375977,11.181602
980,wonder,merveille,165,0.032164812088012695,11.162124
981,works,travaux,29,0.026550769805908203,11.153514
982,world,monde,704,0.01944565773010254,11.195932
983,worse,pire,178,0.03449296951293945,11.162452
984,worship,culte,133,0.022788047790527344,11.159526
985,worth,vaut,592,0.029119014739990234,11.1869
986,would,aurait,2456,0.02653646469116211,11.3083
987,wound,blessure,211,0.0271914005279541,11.168992
988,wounded,blessés,42,0.013283729553222656,0.003936
989,wrath,colère,73,0.02786087989807129,11.160558
990,wretch,misérable,153,0.029523849487304688,11.166622
991,write,écrire,161,0.0349421501159668,11.176286
992,written,écrit,35,0.0261533260345459,11.159446
993,wrong,faux,379,0.02485966682434082,11.180088
994,wrought,forgé,43,0.013657569885253906,0.003992
995,yield,rendement,202,0.027886152267456055,11.170658
996,yonder,là-bas,74,0.022960901260375977,11.162749
997,young,Jeune,503,0.019385337829589844,11.189168
998,yours,le tiens,609,0.02980208396911621,11.208276
999,yourself,toi même,280,0.014503002166748047,0.019457
1000,youth,jeunesse,318,0.02918076515197754,11.183134
